Issue_ID,VM_Name,Region,Subscription
150e8b36-045f-4a28-8803-a53c2b4a1e38,worker/3126cccb-4c73-43de-9d98-b204d292b903,us-east-1,CFPreProd (582590084500)
fd45ff2d-e0af-4fa6-8f60-40f183ac8225,worker/f1deb095-128c-4ae7-82a7-60ba58a592f7,us-east-1,CFPreProd (582590084500)
f7890edf-35c3-4dc2-af51-92885d620adf,worker/d2165e5a-d548-4a78-afa9-70b0d8d5af03,us-east-1,CFPreProd (582590084500)
ec61d9df-1407-4322-9d54-3c502f0bc540,worker/82dac099-25ee-44f4-bc0b-757c418c4a80,us-east-1,CFPreProd (582590084500)
e580093f-274f-4fe0-ba2f-358c81ad480b,worker/be3e7517-14a8-44cc-ac19-6211c90886e1,us-east-1,CFPreProd (582590084500)
e42e8ca4-d077-4a0e-879e-86add29aa737,worker/b55fda04-99f2-4ac2-a43e-ff7030f90bc9,us-east-1,CFPreProd (582590084500)
dd436b5f-5401-4910-8b7c-c292d8295794,worker/103c175a-ccd0-427a-9ca8-a9efae9d6850,us-east-1,CFPreProd (582590084500)
d2ebfce7-4394-4d25-a608-2c1665c56b52,worker/10638979-4e4b-461e-afd8-edcdffad3626,us-east-1,CFPreProd (582590084500)
d1e68fe0-e1c9-4500-b93f-89f6b8bec13b,worker/821ff0d7-557f-41d0-b72a-256073c05cf9,us-east-1,CFPreProd (582590084500)
c735f8e1-94e5-49a7-813a-61753d12de26,worker/994eb755-1c32-47a2-8d00-90fa479ed157,us-east-1,CFPreProd (582590084500)
c495fed5-058f-4a1f-8abd-7971da207c2f,worker/d504dec8-8e23-48fc-933f-b1846cb8b044,us-east-1,CFPreProd (582590084500)
c4350f11-0009-4d83-b2dc-f1930489b270,worker/516e827d-ad55-48f7-a53d-9384e693e29d,us-east-1,CFPreProd (582590084500)
c312deb1-6977-4591-90d0-1e0154748771,worker/406157d9-0002-4189-a747-dfa735921355,us-east-1,CFPreProd (582590084500)
c12ac6a7-1e73-48d8-ba56-a38653157a2e,worker/6aa2f099-6032-4049-be0f-089824f4447c,us-east-1,CFPreProd (582590084500)
bdaf81fe-8fcb-4fb4-9234-1365a51163a9,worker/f3af4f8d-ab84-489e-96c3-e3c7e07a7d31,us-east-1,CFPreProd (582590084500)
bbed2768-8c1d-4f0e-ad99-f46d78f6740f,worker/b15f20ae-6daf-4e5f-bdf9-c4223b1072ac,us-east-1,CFPreProd (582590084500)
aef2ab1e-3fd4-4ec2-a5a3-7015d308e36d,worker/3a760ef5-9a69-4054-92c9-33a3389956cb,us-east-1,CFPreProd (582590084500)
aede405a-1cdf-42ca-b3a5-a39f00602d40,worker/844126e7-2de4-4717-bb43-9abb437ee0c5,us-east-1,CFPreProd (582590084500)
8e1dc5c4-2c9f-4656-8bd7-97e0cc866b6d,worker/f5ce8107-9884-4c95-91a1-63f1b89c47b3,us-east-1,CFPreProd (582590084500)
71d41c65-e021-4392-9d05-72f993fda7e1,worker/90baa9cc-ff50-482c-b9b2-85ca5e4d4d29,us-east-1,CFPreProd (582590084500)
6c883d54-ec1a-45be-b4a3-5d323f161b7d,worker/ca6283bc-a8c0-4207-b60d-a080cb695e4f,us-east-1,CFPreProd (582590084500)
545b7ba5-c0ae-4b37-b2f8-0729f2ffa945,worker/0a66b676-bb08-4665-84f0-e43b82438e38,us-east-1,CFPreProd (582590084500)
51ace552-1155-4a43-843e-e7a991b94bc1,worker/4e3532c5-1267-4957-ac8f-da7130db7207,us-east-1,CFPreProd (582590084500)
377c4f88-5e03-4e4a-bb7c-d437b4335c57,worker/3c1d7707-3515-4a1a-acab-6fcdf15de851,us-east-1,CFPreProd (582590084500)
2ac0f450-9308-47cb-9cb0-7f095f15f7d4,worker/93d62de4-c496-4445-852c-a06d9c39df8a,us-east-1,CFPreProd (582590084500)
275ca784-a014-4ee1-9dc9-8b28e816bd56,worker/80a78440-b54f-49be-bbd7-640bf28d66df,us-east-1,CFPreProd (582590084500)
223919aa-24a5-447d-909a-3217e13e3b95,worker/a0ca4095-21c8-4184-92b1-e99d626781b2,us-east-1,CFPreProd (582590084500)
1d5cf64d-aa09-45fb-ad1f-016b12c63a27,worker/b176eb68-39e3-4f44-87a6-b1bc3ce92436,us-east-1,CFPreProd (582590084500)
1b132879-788e-44e0-83dc-45aaabb23208,worker/f9e6e42f-6c06-4614-9a8b-64f9215eb1e6,us-east-1,CFPreProd (582590084500)
15f03e21-26eb-48cd-a67c-3baacced8de8,worker/35510a78-32aa-43f4-8066-91c68cfd3342,us-east-1,CFPreProd (582590084500)
0f2f3810-204d-4549-a891-1cb09a370173,worker/eb2f3f40-85d7-456b-939e-5bc30394977b,us-east-1,CFPreProd (582590084500)
07a52dc2-5e41-4a00-8ae0-4e21f164dac8,worker/2b45b427-ea8f-4a01-a896-ac31bb627136,us-east-1,CFPreProd (582590084500)
03766459-25b3-4068-9dc5-b5f7a23ac1ce,worker/1dc1154c-e4ff-4bb5-8dad-5843fc22cae5,us-east-1,CFPreProd (582590084500)
